{
    "avg_peak_mem": 20637.24658203125,
    "time_to_first_token": 0.1847441063572963,
    "time_per_output_token": 0.00873826233676387
}