{
    "weights_memory": 2305.833984375,
    "time_to_first_token": 0.46508926395326855,
    "time_per_output_token": 0.007668169590045608
}